"x","y","lslpts","slope","cplan","cprof","elev","log10_carea"
713887.726935,9558536.759956,"FALSE",33.7518539428711,0.0231804493814707,0.00319306110031903,2422.81,2.78431921251746
712787.726935,9558916.759956,"FALSE",39.4082145690918,-0.0386389084160328,-0.0171878132969141,2051.771,4.14601253967446
713407.726935,9560306.759956,"FALSE",37.4540939331055,-0.0133291082456708,0.00967108737677336,1957.832,3.64355613875429
714887.726935,9560236.759956,"FALSE",31.496072769165,0.0409314520657063,0.00588863762095571,1968.621,2.26870347034569
715247.726935,9557116.759956,"FALSE",44.0745582580566,0.00968694780021906,0.00514980964362621,3007.774,3.00342637114915
714927.726935,9560776.759956,"FALSE",29.8598098754883,-0.00904770661145449,-0.00573832914233208,1736.887,3.17407287472364
714287.726935,9558366.759956,"FALSE",31.5746536254883,0.055624146014452,0.0218385066837072,2583.551,2.25191923981332
714147.726935,9558466.759956,"FALSE",53.4222297668457,0.00572801195085049,0.00101896491833031,2522.235,2.58330285255717
713717.726935,9560656.759956,"FALSE",32.6040000915527,0.0240402929484844,-0.0169399753212929,1929.097,2.83645350272624
713407.726935,9560306.759956,"FALSE",37.4540939331055,-0.0133291082456708,0.00967108737677336,1957.832,3.64355613875429
715077.726935,9556946.759956,"FALSE",58.2601928710938,-0.000299284554785118,0.000681774981785566,2924.928,2.39928681818654
715147.726935,9557746.759956,"FALSE",46.917236328125,-0.00948386266827583,0.00247859628871083,2887.558,3.12285130667057
713517.726935,9558306.759956,"FALSE",23.2972507476807,0.0333747342228889,0.000142664212035015,2331.266,2.74505758061046
714777.726935,9558896.759956,"FALSE",33.7705879211426,0.0735628977417946,0.00639093667268753,2370.4,2.5239751703397
715137.726935,9559906.759956,"FALSE",42.7137184143066,-0.0333551838994026,-0.0298313815146685,1967.411,2.97135759999357
715717.726935,9557706.759956,"FALSE",40.559814453125,0.0264131836593151,0.0128920692950487,2927.66,2.95229451916511
713927.726935,9560486.759956,"FALSE",42.8614768981934,0.00336831109598279,-0.00113585963845253,1999.332,2.94105659855657
713177.726935,9558536.759956,"FALSE",29.5365695953369,0.0414440594613552,-0.00169887137599289,2251.079,2.61916653793959
714107.726935,9559156.759956,"FALSE",30.8718566894531,-0.00668269954621792,-0.00166669534519315,2264.238,2.85572218243436
714217.726935,9558906.759956,"FALSE",47.6456336975098,0.00271966843865812,-0.00684293732047081,2335.684,2.71319886562162
713587.726935,9560536.759956,"FALSE",28.5296192169189,0.042882151901722,0.00266391295008361,1937.239,2.86215460893042
714187.726935,9559746.759956,"FALSE",43.8101043701172,-6.93251568009146e-05,0.0115715293213725,2155.389,2.73720259493955
714137.726935,9559276.759956,"FALSE",28.6987838745117,-0.0354258231818676,-0.0266744755208492,2230.852,3.30716267623459
713647.726935,9558736.759956,"FALSE",6.93886995315552,0.144145622849464,0.00171823403798044,2342.939,2.34459163186933
713777.726935,9560236.759956,"FALSE",36.556755065918,-0.0147032169625163,0.00917728990316391,2109.745,3.05840183361742
713917.726935,9557586.759956,"FALSE",35.9809913635254,-0.010467822663486,4.39406503573991e-05,2503.549,3.03361059127482
715577.726935,9558336.759956,"FALSE",43.5970726013184,0.00336745753884315,-0.00648228684440255,2645.572,2.78552329470574
714137.726935,9560806.759956,"FALSE",46.818172454834,0.0325387455523014,0.00884365756064653,1772.153,2.47524012113419
712817.726935,9559206.759956,"FALSE",33.4477767944336,0.0045029972679913,0.00338901253417134,2082.014,2.43843567908525
713407.726935,9559646.759956,"FALSE",27.0721454620361,-0.0949352160096169,-0.0242432001978159,2156.083,3.90796330512194
715287.726935,9558646.759956,"FALSE",26.0827903747559,0.133807346224785,0.0247812569141388,2498.046,2.09658812246412
713047.726935,9559766.759956,"FALSE",41.5473022460938,0.0542101562023163,0.00979973748326302,2128.501,2.81310763158095
715117.726935,9557756.759956,"FALSE",38.6650657653809,-0.0409758500754833,-0.00460520060732961,2894.606,3.04020691753521
712987.726935,9559506.759956,"FALSE",50.144416809082,0.0028100146446377,0.0113826161250472,2126.6,2.80223464703096
713817.726935,9559666.759956,"FALSE",23.4236087799072,0.0502585768699646,4.64141485281289e-05,2249.739,2.40537372649258
714427.726935,9559226.759956,"FALSE",45.2575721740723,0.0255101807415485,0.00824018660932779,2306.013,2.83779855738049
713997.726935,9558566.759956,"FALSE",29.865478515625,0.0192913562059402,0.00644935015588999,2482.221,2.46683803619045
713717.726935,9559106.759956,"FALSE",39.6333961486816,0.0319947563111782,0.00891565252095461,2355.501,2.74415708244944
712697.726935,9558446.759956,"FALSE",59.796272277832,-0.00605985196307302,0.00305467541329563,2151.217,2.85484056563242
712667.726935,9559716.759956,"FALSE",34.2885055541992,-0.0202103927731514,0.0103449914604425,1998.962,3.24817934488159
712747.726935,9559336.759956,"FALSE",43.1723442077637,-0.0198585521429777,0.00468157650902867,1997.195,3.31979452336289
713897.726935,9557986.759956,"FALSE",23.7228584289551,0.0618417300283909,0.000861157022882253,2543.762,2.25492736901701
714537.726935,9558346.759956,"FALSE",16.1702003479004,0.0597019121050835,0.00494512403383851,2636.382,2.26146863235363
712787.726935,9558966.759956,"FALSE",39.1510124206543,-0.123634159564972,-0.0153913209214807,2026.371,4.09898599253108
714757.726935,9560176.759956,"FALSE",33.533634185791,0.00425712624564767,-8.07614560471848e-05,2028.775,2.94464803976298
713927.726935,9557196.759956,"FALSE",55.4657440185547,0.0113254394382238,0.00419527431949973,2514.474,2.65763185703293
714617.726935,9559086.759956,"FALSE",18.2299880981445,0.0103612672537565,0.00354831921868026,2427.33,2.40591532991273
712287.726935,9558776.759956,"FALSE",59.529655456543,0.0562309511005878,0.0105548882856965,1997.072,2.9290291257156
714417.726935,9557726.759956,"FALSE",41.3650245666504,0.0446234196424484,0.0204506665468216,2594.773,2.28275227194833
712607.726935,9559906.759956,"FALSE",42.3206024169922,0.00913169421255589,-0.00250458088703454,1965.241,2.70607449275768
712707.726935,9559386.759956,"FALSE",47.7904243469238,0.0436171032488346,0.000934447336476296,1954.522,2.59897535035362
713717.726935,9557476.759956,"FALSE",43.2066841125488,-0.0002143988822354,0.0114721599966288,2436.391,2.31661618685935
714757.726935,9557676.759956,"FALSE",41.5131721496582,0.0369570590555668,0.0160739179700613,2752.212,3.21679749122732
713917.726935,9559596.759956,"FALSE",42.0427474975586,0.0164092108607292,0.017757473513484,2271.363,2.45098664231266
713337.726935,9558526.759956,"FALSE",28.4812068939209,0.00927227269858122,-0.00519678276032209,2261.553,2.64428483834425
714047.726935,9558226.759956,"FALSE",28.1398372650146,0.0751227363944054,-0.16039414703846,2362.354,4.71494921444087
713037.726935,9558296.759956,"FALSE",39.0329971313477,0.0185482352972031,0.0163915641605854,2320.634,2.8496938475081
714357.726935,9559386.759956,"FALSE",42.2876319885254,0.00280738528817892,0.0209783408790827,2224.136,3.06790710653703
713137.726935,9559236.759956,"FALSE",38.8603363037109,-0.0144301718100905,-0.00285233673639596,2188.016,2.78579906361304
714217.726935,9558776.759956,"FALSE",32.0122299194336,0.0483541674911976,0.0329865925014019,2393.329,2.14455473053319
712807.726935,9558436.759956,"FALSE",46.4399375915527,-0.00829503405839205,-0.00132635049521923,2238.56,2.92129580226819
714597.726935,9557466.759956,"FALSE",53.9434013366699,-0.0301322806626558,0.00752558745443821,2676.408,2.90287582203178
714527.726935,9557006.759956,"FALSE",40.8568916320801,-0.00239944830536842,0.00333595299161971,2740.349,2.95805910692235
714607.726935,9557026.759956,"FALSE",37.6617660522461,0.0317870229482651,-0.0229507964104414,2673.289,3.16169496008588
714477.726935,9559316.759956,"FALSE",44.5068855285645,0.0711525082588196,0.0127716613933444,2269.229,2.57768722916128
714907.726935,9557936.759956,"FALSE",37.2130584716797,-0.00109491613693535,0.0100670270621777,2827.399,2.38958534534082
714627.726935,9560086.759956,"FALSE",35.2629432678223,-0.0085085304453969,-0.00120048772078007,2026.382,2.68514871965857
713397.726935,9560636.759956,"FALSE",38.3402786254883,0.010934597812593,0.00889906380325556,1849.639,3.00839383412164
715737.726935,9558016.759956,"FALSE",41.4779396057129,0.0185943525284529,-0.000836838793475181,2731.742,2.57809176000592
714787.726935,9559496.759956,"FALSE",38.3293495178223,0.0291306711733341,-0.00406271265819669,2304.776,2.83584370598397
713697.726935,9557446.759956,"FALSE",38.3150978088379,0.0140917021781206,-0.0255589764565229,2403.569,2.84472950891172
712707.726935,9559486.759956,"FALSE",35.8937606811523,-0.0061227809637785,0.0146793881431222,2018.709,2.72603652717208
714777.726935,9557676.759956,"FALSE",31.9361267089844,0.022183520719409,-0.00489079812541604,2759.432,3.00196471838356
712917.726935,9558636.759956,"FALSE",26.6753978729248,-0.0622362308204174,-0.00685008987784386,2239.363,3.07871362771723
713317.726935,9558576.759956,"FALSE",23.5158081054688,-0.0293796081095934,0.0246507432311773,2262.645,2.36375046096511
714307.726935,9560176.759956,"FALSE",33.727954864502,-0.00181471195537597,-0.0199319608509541,2093.074,3.47943597769624
713787.726935,9559356.759956,"FALSE",45.3341178894043,-0.000960422388743609,0.0106293838471174,2254.233,3.1032434518497
713147.726935,9559106.759956,"FALSE",26.5597763061523,-0.00594849325716496,0.00739222299307585,2242.37,2.67672918366284
714927.726935,9560416.759956,"FALSE",17.4552001953125,0.00821444857865572,-0.00186186644714326,1856.777,3.92184187211674
714337.726935,9559176.759956,"FALSE",30.105447769165,-0.013655174523592,0.00200422876514494,2290.617,2.84321418080423
713307.726935,9560126.759956,"FALSE",39.5779342651367,0.0408960357308388,0.0389907881617546,1953.859,2.80633700093951
712197.726935,9558986.759956,"FALSE",36.152717590332,0.0473781675100327,0.00712465541437268,1984.105,2.52955315227758
714947.726935,9558866.759956,"FALSE",45.1160278320312,0.00285125221125782,-0.0111930649727583,2388.712,2.64657356666661
714717.726935,9557586.759956,"FALSE",58.7178421020508,-0.0103717837482691,0.00570679409429431,2759.893,2.94289609099833
714627.726935,9560386.759956,"FALSE",46.3650131225586,0.00396935036405921,0.00235800421796739,1968.184,2.97965172393797
713287.726935,9558016.759956,"FALSE",42.3985557556152,0.0152050396427512,-0.00680340686812997,2322.373,2.71050219530696
715307.726935,9557286.759956,"FALSE",41.0789909362793,-0.0165867414325476,-0.00341392890550196,3049.759,3.04733876531865
715017.726935,9559656.759956,"FALSE",43.9465065002441,-0.013959001749754,0.0024703866802156,2171.672,2.89512924871428
714027.726935,9560186.759956,"FALSE",28.0213298797607,-0.097873717546463,0.00195645727217197,2157.691,3.29341893793569
714687.726935,9559046.759956,"FALSE",45.8403816223145,0.00124513392802328,4.27663508162368e-05,2380.398,2.66886207470332
714997.726935,9560496.759956,"FALSE",19.6668281555176,-0.0673270002007484,-0.0246617831289768,1785.467,4.44110136674404
713857.726935,9559386.759956,"FALSE",28.5526657104492,2.36826090258546e-05,0.00452478276565671,2293.311,3.22421716869449
715127.726935,9557456.759956,"FALSE",37.4698677062988,-0.00796765182167292,-0.0115180024877191,2934.422,3.0546864458043
713977.726935,9557786.759956,"FALSE",40.0964012145996,0.045965138822794,-0.00380098167806864,2510.958,2.58219247973197
713897.726935,9558946.759956,"FALSE",31.4836177825928,0.00946623645722866,0.0139292702078819,2429.346,2.43226917068762
712717.726935,9558956.759956,"FALSE",46.8121566772461,0.10126156359911,0.0279323812574148,2055.072,2.8633893772841
715197.726935,9558976.759956,"FALSE",38.0962715148926,0.00923700910061598,0.000624443229753524,2401.767,2.62256129330468
713987.726935,9557126.759956,"FALSE",45.4745254516602,0.0359634011983871,0.0121215339750051,2569.429,2.40193301483747
714147.726935,9558296.759956,"FALSE",33.8091583251953,0.0457135960459709,0.00819403678178787,2491.484,2.94841735377787
715137.726935,9558706.759956,"FALSE",33.1826171875,-0.00251883454620838,-0.0439519509673119,2408.54,2.83932615087229
714187.726935,9558396.759956,"FALSE",15.1124315261841,0.0623527653515339,0.0471314154565334,2552.876,2.03013539347553
714107.726935,9559866.759956,"FALSE",22.6104297637939,-0.0422599576413631,-0.0188893303275108,2160.855,2.81871040747519
714147.726935,9558796.759956,"FALSE",43.8258209228516,-0.00478198193013668,-0.00890355370938778,2351.823,2.89754158866409
713657.726935,9559046.759956,"FALSE",21.6848030090332,-0.0144445402547717,-0.00448069768026471,2376.615,2.83700820511145
714717.726935,9560496.759956,"FALSE",23.7014026641846,-0.137048229575157,-0.0172176901251078,1875.46,4.23507865141577
713427.726935,9559816.759956,"FALSE",39.662181854248,-0.00848514679819345,0.0043299812823534,2090.234,2.4228834739485
713397.726935,9560676.759956,"FALSE",43.6802787780762,0.012212136760354,0.000869164243340492,1836.458,3.36870426115545
715237.726935,9558536.759956,"FALSE",52.5358428955078,0.00170619506388903,0.000202770330361091,2466.93,2.97517861169189
714767.726935,9560456.759956,"FALSE",29.3201217651367,0.0767777264118195,0.0217392463237047,1931.912,2.19313585528608
713927.726935,9557246.759956,"FALSE",44.6681976318359,-0.159745380282402,-0.0518816038966179,2491.082,3.41785164976971
715317.726935,9558686.759956,"FALSE",54.6206741333008,0.00791578460484743,0.00218454585410655,2436.217,2.69748765820269
714707.726935,9557596.759956,"FALSE",54.6869659423828,0.00957434345036745,-0.0114024113863707,2737.645,2.94899913207665
715497.726935,9558506.759956,"FALSE",46.2957763671875,0.00507868593558669,0.00820792000740767,2577.38,2.64662284923979
713947.726935,9557566.759956,"FALSE",34.1788711547852,-0.00478977104648948,-0.00384390936233103,2526.793,2.78262136287551
712877.726935,9559126.759956,"FALSE",43.365161895752,-0.0427112728357315,-0.0222248118370771,2066.66,3.2526822849246
713597.726935,9558636.759956,"FALSE",19.9725780487061,-0.00747293280437589,0.00358840310946107,2309.721,2.52162093343527
713927.726935,9559726.759956,"FALSE",13.5621471405029,0.0362036898732185,0.0453270599246025,2244.619,2.02558097818697
714547.726935,9557666.759956,"FALSE",54.1665878295898,-0.0245490036904812,-0.000903361069504172,2629.948,2.55828450414135
714967.726935,9559876.759956,"FALSE",32.2480735778809,-0.015058696269989,0.0130729684606194,2027.573,4.11312632465074
713967.726935,9557656.759956,"FALSE",32.1773796081543,0.0179020315408707,-0.00232950411736965,2524.28,2.42909762975612
713107.726935,9559536.759956,"FALSE",30.2813968658447,-0.0158594381064177,0.00548888463526964,2187.465,2.74948933190544
712687.726935,9559076.759956,"FALSE",51.7513427734375,0.00740327453240752,0.0108192143961787,1994.868,2.49810134872984
714457.726935,9558616.759956,"FALSE",34.0530395507812,0.0229473356157541,-0.00888440571725368,2438.502,2.72319287530975
713737.726935,9559816.759956,"FALSE",36.9709663391113,0.0174296423792839,0.0115986764431,2183.736,2.98629187966476
715097.726935,9559396.759956,"FALSE",45.8773078918457,0.0250107254832983,0.0114306043833494,2195.066,2.3612099736888
714167.726935,9559476.759956,"FALSE",45.5851440429688,-0.00297156977467239,-0.00335724977776408,2208.182,2.62149346002282
714507.726935,9560366.759956,"FALSE",31.4012451171875,-0.0240270141512156,-0.00204409565776587,2055.901,2.80164551594222
714817.726935,9558826.759956,"FALSE",40.8722457885742,0.0236521530896425,0.0187730696052313,2401.515,2.39700209853741
714437.726935,9558216.759956,"FALSE",37.915885925293,0.020877480506897,0.00451820343732834,2650.925,2.41466876485453
714097.726935,9557086.759956,"FALSE",40.593563079834,0.0737992525100708,0.0186961237341166,2601.456,2.34302328668173
712717.726935,9559796.759956,"FALSE",21.0074615478516,0.0283239874988794,0.01668806001544,2054.646,2.25151591356274
713637.726935,9559636.759956,"FALSE",49.849552154541,0.0204131938517094,0.0184983778744936,2174.436,2.45777021950908
714207.726935,9557916.759956,"FALSE",17.8357639312744,0.0216838903725147,0.00176754512358457,2601.265,2.23697203760461
713367.726935,9558416.759956,"FALSE",44.7592124938965,-0.00577420787885785,-0.0197642501443624,2271.367,3.55326827555606
715517.726935,9558096.759956,"FALSE",40.7234954833984,-0.0532871820032597,-0.00248647667467594,2725.473,3.10306059083649
714407.726935,9559796.759956,"FALSE",20.8546886444092,0.037703450769186,-0.00909741781651974,2180.316,2.53761363464382
713707.726935,9560616.759956,"FALSE",37.1375160217285,0.0233334433287382,0.00387939997017384,1961.391,2.67407749010195
715297.726935,9558996.759956,"FALSE",43.9987602233887,0.0316647477447987,0.00819619372487068,2342.704,2.63314399068632
714637.726935,9558886.759956,"FALSE",30.8001861572266,0.0219647511839867,-0.005356814712286,2359.402,2.79885881848786
714427.726935,9557196.759956,"FALSE",44.3687858581543,0.0553080439567566,0.0176261179149151,2652.927,2.18347199031593
713407.726935,9558816.759956,"FALSE",28.2052249908447,0.0320459231734276,0.00759821385145187,2288.749,2.49172298244342
714057.726935,9558606.759956,"FALSE",41.7844886779785,-0.0273877400904894,-9.85836013569497e-05,2469.109,2.84603700853023
715577.726935,9558276.759956,"FALSE",42.0597839355469,-0.03786551207304,-0.00552301714196801,2630.312,3.3063131722652
712557.726935,9558936.759956,"FALSE",17.4438743591309,-0.0214300472289324,-0.00631673727184534,2117.917,2.95521276757829
715157.726935,9559406.759956,"FALSE",45.1386756896973,-0.00123247224837542,0.000144192061270587,2152.486,3.21568467050655
713357.726935,9558716.759956,"FALSE",34.4971733093262,0.0248966850340366,-0.0120621835812926,2186.123,3.16895861551042
714597.726935,9558866.759956,"FALSE",36.0829696655273,-0.0107881100848317,0.0264102164655924,2391.468,2.58964466113081
714297.726935,9557546.759956,"FALSE",40.3548545837402,-0.0175090972334146,-0.000265910726739094,2593.75,2.7008551568612
713497.726935,9558486.759956,"FALSE",33.4416618347168,0.0215941518545151,-0.00783935189247131,2249.667,2.71070880203469
712987.726935,9559656.759956,"FALSE",26.2988052368164,0.0217183250933886,0.00228088814765215,2164.273,2.61009450216753
715047.726935,9560336.759956,"FALSE",46.4539375305176,0.00612281402572989,-0.00787030719220638,1852.107,2.96152621221088
713857.726935,9558186.759956,"FALSE",48.0041275024414,-0.0141295166686177,-0.00214144471101463,2388.704,2.93130531868146
715657.726935,9557446.759956,"FALSE",41.1278305053711,0.00460721040144563,-0.00516254082322121,3060.487,2.48381774862045
714207.726935,9558906.759956,"FALSE",37.6130599975586,0.00373673811554909,-0.0203518010675907,2330.014,2.73342523604941
714587.726935,9558726.759956,"FALSE",55.5388641357422,-0.0196046475321054,-0.0034488586243242,2418.752,2.62091093817332
715167.726935,9559266.759956,"FALSE",51.9120483398438,-0.0758403763175011,-0.00398879451677203,2242.978,3.30160373664443
713767.726935,9560376.759956,"FALSE",32.9040412902832,-0.0428751148283482,-0.00729963136836886,2074.371,2.93337883563389
714427.726935,9557516.759956,"FALSE",34.9387321472168,-0.0230670515447855,0.0122319702059031,2625.999,2.56050886342847
714047.726935,9558256.759956,"FALSE",58.945198059082,0.0235873628407717,0.00456884503364563,2389.795,2.67838034723378
713577.726935,9557416.759956,"FALSE",39.2641258239746,0.0471200868487358,0.0324944965541363,2461.111,2.36628093505214
714127.726935,9560296.759956,"FALSE",37.8780670166016,-0.00928309932351112,-0.0108669623732567,2072.195,3.13700025413465
714127.726935,9559116.759956,"FALSE",25.3021450042725,0.000114545320684556,-0.00158966612070799,2284.622,2.64741640137216
713877.726935,9560766.759956,"FALSE",31.1008338928223,0.00682326592504978,-0.0112216304987669,1819.607,3.75638784419464
714857.726935,9559606.759956,"FALSE",49.0135917663574,0.000218428234802559,-0.00488448655232787,2211.626,2.73303740835277
714037.726935,9560086.759956,"FALSE",15.0654640197754,-0.00831571035087109,-0.00600589904934168,2189.11,2.74487436783447
712647.726935,9558496.759956,"FALSE",36.8932991027832,-0.0134460059925914,-0.0057720304466784,2145.57,3.72538659144509
714617.726935,9559316.759956,"FALSE",28.5627899169922,0.0212930776178837,0.00483350222930312,2343.428,2.84286897849537
713367.726935,9558496.759956,"FALSE",20.6918869018555,-0.0432260297238827,-0.111368678510189,2237.885,4.75476024935527
713547.726935,9560086.759956,"FALSE",17.4419193267822,-0.00903939455747604,0.00271829823032022,2077.595,3.14437840899907
713417.726935,9557846.759956,"FALSE",41.7972793579102,0.0306014064699411,-0.00719421077519655,2352.233,3.0096162621741
714507.726935,9557016.759956,"FALSE",45.4720840454102,0.00526537792757154,-0.00277205277234316,2741.683,2.77560369338686
713627.726935,9559366.759956,"FALSE",41.9078903198242,-0.0140688642859459,0.00446101417765021,2274.369,3.31717800921446
713947.726935,9557046.759956,"FALSE",46.1601791381836,0.0248985160142183,0.0111283110454679,2572.492,2.94014282153043
714377.726935,9560126.759956,"FALSE",24.6433124542236,-0.00439059734344482,0.00311652477830648,2106.338,2.87468158460434
712987.726935,9560036.759956,"FALSE",24.1990451812744,-0.0933258756995201,-0.00312402029521763,1914.54,4.47389450011362
713095.7674,9559335.8328,"TRUE",52.8696937561035,-0.0292963292449713,-0.00584112294018269,2095.053,3.12185070520672
714084.8896,9560733.4588,"TRUE",43.2927856445312,-0.0825499445199966,-0.00921485852450132,1817.832,3.52437646906298
713308.3174,9560136.5938,"TRUE",35.6914749145508,-0.0446981340646744,0.0269526597112417,1954.571,2.91081981104971
713451.2372,9560013.252,"TRUE",35.5458106994629,-0.000379736535251141,-0.0160307362675667,1974.221,3.71184844454373
713948.5294,9559523.1526,"TRUE",47.3182640075684,-0.0210210587829351,0.00217301561497152,2282.019,2.56169215117995
713653.1037,9559445.3581,"TRUE",49.3787612915039,0.0104862786829472,-0.0041768797673285,2219.124,2.85181285439751
713598.9416,9559476.7683,"TRUE",49.9017868041992,-0.00726922834292054,0.00092382647562772,2238.277,3.04796863600853
713667.8127,9559309.6113,"TRUE",38.0256729125977,0.00756672956049442,0.00296352850273252,2306.866,2.76308925446102
713667.3413,9559295.208,"TRUE",41.185962677002,0.00604629516601562,-0.00375246582552791,2311.692,2.76626721448031
713680.2639,9559207.6828,"TRUE",37.1964263916016,0.00682487525045872,0.0214112736284733,2352.257,2.59825555929048
714015.1406,9559030.286,"TRUE",39.3278427124023,-0.0177679564803839,-0.0106573151424527,2325.691,3.73791521292331
714024.6914,9559092.8915,"TRUE",39.9425277709961,-0.0384211875498295,0.00336714275181293,2317.105,2.81886272799449
713975.8712,9559203.9334,"TRUE",44.8677520751953,0.103423394262791,0.00554595189169049,2342.89,2.23644878997396
714114.3984,9559247.0729,"TRUE",24.3311176300049,-0.0951562151312828,-0.00677304482087493,2235.595,4.09185383736449
714433.5364,9559325.5225,"TRUE",43.8619804382324,0.000335676537360996,-0.0551546923816204,2237.57,3.03698007161226
714472.0801,9559172.0853,"TRUE",36.7339363098145,-0.0390783622860909,-0.00853580515831709,2337.467,3.03806351728469
714214.6504,9559334.8729,"TRUE",36.8797836303711,-0.0338254049420357,-0.010397338308394,2221.244,2.59846174610241
714307.7476,9559182.7465,"TRUE",43.7615051269531,-0.022545587271452,-0.00890584848821163,2261.399,2.95298551579342
714534.9075,9559303.0548,"TRUE",43.1167793273926,0.0210783127695322,0.00650666980072856,2313.735,2.44415977250019
714638.2804,9559219.0555,"TRUE",42.0248603820801,-0.0848676934838295,-0.0233779065310955,2371.052,3.39434418497509
714711.0783,9559136.5513,"TRUE",56.0758590698242,-0.0283794533461332,0.000506692624185234,2407.479,2.45232229083715
714654.1376,9558959.6494,"TRUE",51.363353729248,-0.0107935173436999,-0.00145248346962035,2352.696,2.91403694070941
714432.1081,9559113.0795,"TRUE",42.8883247375488,0.0400771088898182,0.00919436197727919,2338.922,2.61197171794261
714151.6621,9558959.281,"TRUE",38.666618347168,0.0425942279398441,0.00231647654436529,2336.739,2.2423398552945
714088.3584,9558828.5469,"TRUE",45.9605484008789,-0.122495673596859,-0.0283540040254593,2385.342,3.34522727585184
713943.8896,9558903.0029,"TRUE",38.0836448669434,-0.0115769738331437,-0.00208112946711481,2418.114,2.68759350996293
714285.7406,9558757.6815,"TRUE",46.0927543640137,-0.00172558589838445,0.00775285949930549,2379.862,2.5049938060826
714086.3587,9558777.4762,"TRUE",49.2535171508789,0.0312747210264206,0.00763512123376131,2414.815,2.69387156096318
714176.6683,9558816.5208,"TRUE",36.6214866638184,-0.011897481046617,-0.0086081912741065,2342.94,2.78913287058701
714414.316,9558794.1218,"TRUE",40.5958213806152,0.0615660734474659,0.00393996620550752,2392.199,2.27198556513673
714276.6442,9558820.8914,"TRUE",28.9974269866943,-0.0453805103898048,-0.0132491253316402,2351.755,3.19660124002417
714267.2955,9558673.3446,"TRUE",43.3764877319336,-0.023624699562788,0.00500197801738977,2422.79,2.77739159599189
714409.0535,9558560.4188,"TRUE",45.0398750305176,-0.0253857523202896,-0.000472469924716279,2479.26,2.47708820778035
714117.1282,9558607.271,"TRUE",50.9619445800781,-0.0481047444045544,-0.0042162393219769,2457.352,2.6966900010106
713896.082,9558699.774,"TRUE",48.5225219726562,-0.0203368496149778,-0.0049102078191936,2442.891,2.65332279930688
714123.1349,9558478.7278,"TRUE",41.8482093811035,-0.127130210399628,-0.0180012788623571,2492.519,3.16711381250913
713913.8643,9558224.0851,"TRUE",48.2019233703613,0.015203420072794,-0.00239509320817888,2397.244,2.51042362448515
714016.3088,9558062.5604,"TRUE",55.1794052124023,-0.000662849342916161,0.000767412304412574,2497.264,2.87047106126621
713664.0091,9558224.8053,"TRUE",44.0194206237793,-0.0163292158395052,0.000967173313256353,2378.371,2.48237074515661
713729.2176,9558168.2085,"TRUE",43.1462478637695,-0.0143661163747311,-0.00424863258376718,2427.422,2.43791301015545
714046.6497,9558375.8131,"TRUE",38.2427978515625,-0.00662153493613005,-0.00455304374918342,2470.985,2.70505020154537
713890.7299,9558031.0725,"TRUE",38.545295715332,-0.0108183929696679,0.00227119494229555,2521.262,2.60101248864386
713892.0104,9558115.8789,"TRUE",39.6441268920898,-0.124981209635735,-0.024592699483037,2443.322,2.95050372768621
713729.7414,9558121.5642,"TRUE",36.2234344482422,0.0102577889338136,-0.00132884969934821,2460.058,2.43921137015485
712893.9008,9558358.2528,"TRUE",31.431079864502,-0.0187828242778778,0.00221410626545548,2275.236,3.0843194636627
712975.6591,9558291.5553,"TRUE",51.4475860595703,0.0278727486729622,0.00793484598398209,2284.946,2.68165618098759
713152.3201,9558224.0174,"TRUE",41.6880073547363,-0.0854188054800034,-0.00659907888621092,2333.147,3.04488350062831
713161.3969,9558197.6947,"TRUE",46.6553764343262,0.0217806492000818,0.00997011736035347,2340.512,2.51764628726546
713190.4425,9558181.3565,"TRUE",42.6399269104004,-0.022791737690568,0.000642838189378381,2346.223,2.73455821951793
713228.565,9558174.095,"TRUE",41.7779273986816,-0.00081672053784132,0.000558762811124325,2366.43,2.65148931042635
713236.7341,9558133.2496,"TRUE",48.4338836669922,-0.0502452477812767,-0.0158287230879068,2344.392,2.91044901144011
713315.7021,9558009.8054,"TRUE",47.1052513122559,-0.0517989248037338,0.00474644498899579,2347.148,2.83769406903522
713303.9023,9557954.437,"TRUE",59.6597518920898,-0.00785822607576847,-0.00291157001629472,2331.704,2.6214059715035
713226.7497,9558224.925,"TRUE",38.9340286254883,0.0117187183350325,0.000456414476502687,2370.578,2.41799619925927
713248.5339,9558207.2253,"TRUE",22.1928730010986,0.0760970339179039,0.0274607911705971,2389.14,2.19524893601508
713280.6812,9558172.7411,"TRUE",31.8748264312744,-0.0215760879218578,0.0158430524170399,2399.058,2.30284947888269
712869.7046,9558682.8296,"TRUE",30.8983001708984,-0.132551610469818,-0.0147191220894456,2214.314,3.50087937716535
712981.5843,9558751.2005,"TRUE",54.3687057495117,-0.00749230850487947,0.00289358710870147,2173.394,2.5405812205124
713296.8009,9558608.2431,"TRUE",29.7949047088623,-0.141445845365524,-0.013176872394979,2240.651,3.37785077548866
713345.6373,9558644.6484,"TRUE",40.0106010437012,-0.0849714204668999,-0.0192002151161432,2233.604,2.59968538837159
713388.2581,9558739.6574,"TRUE",47.0582733154297,-0.0536711625754833,-0.00910487771034241,2220.585,2.9955258853685
713250.6284,9558867.5199,"TRUE",36.0745811462402,-0.077376089990139,-0.0108133247122169,2211.668,3.02791298754746
713174.266,9558824.899,"TRUE",51.908519744873,-0.0417896397411823,-0.00357872038148344,2171.838,2.80456288379495
713243.5414,9558654.9972,"TRUE",46.2317008972168,0.0100175095722079,-0.00297670089639723,2220.223,2.3777028056132
713459.5889,9558975.5519,"TRUE",41.9237022399902,-0.0596707575023174,-0.0116929495707154,2310.579,2.93069858527036
713647.0855,9558077.0064,"TRUE",40.9243011474609,-0.00543133402243257,-0.00521424040198326,2462.912,2.87387129776606
713811.2546,9558034.3855,"TRUE",46.2167167663574,-0.0671710893511772,-0.0125479707494378,2494.378,2.97895349973992
713391.3604,9558448.4917,"TRUE",43.7455520629883,0.0141630358994007,-0.00308865820989013,2273.536,2.64987361373927
713413.4601,9558315.3674,"TRUE",50.4270133972168,0.0073416936211288,0.00217612599954009,2342.209,2.49112451762123
713441.3478,9558294.8462,"TRUE",43.8458442687988,-0.0717898458242416,-0.00971090514212847,2343.491,3.19342195524785
713570.1564,9558458.9204,"TRUE",54.5192184448242,-0.000295464647933841,0.00481694098562002,2252.335,2.47146133316717
713750.7984,9558462.589,"TRUE",39.1854858398438,-0.0354855544865131,-0.0089982720091939,2336.293,2.64452919147137
714011.6246,9557646.1552,"TRUE",50.4362449645996,-0.00672495504841208,-0.000763988296967,2527.35,2.78679256704285
714007.9663,9557866.5036,"TRUE",46.9954872131348,-0.0257125739008188,-0.00119351514149457,2537.743,2.73912303421921
713962.1478,9557840.8173,"TRUE",50.7902603149414,-0.00518673239275813,-0.00937306974083185,2504.876,2.56258612422125
713902.6951,9557777.4279,"TRUE",39.1728935241699,-0.0553243160247803,-0.021983603015542,2431.41,3.89499495540452
713742.7638,9557852.3325,"TRUE",46.9605560302734,-0.0164973493665457,-0.00813544448465109,2485.912,2.66644127990644
713695.1893,9557818.9291,"TRUE",41.3173332214355,-0.00337384617887437,-0.00443244492635131,2473.132,2.5645197442451
713600.0403,9557904.9681,"TRUE",35.7771987915039,0.000998557894490659,-0.0115283122286201,2462.448,2.93120312170831
714221.0394,9557990.501,"TRUE",49.4895477294922,-0.0206970386207104,0.00215026503428817,2542.52,2.99217089555313
713566.405,9557503.3263,"TRUE",53.1105613708496,-0.0233906675130129,0.003876170841977,2427.515,2.89036097252966
713907.8617,9557392.6565,"TRUE",52.3978614807129,-0.0055904621258378,0.00176938087679446,2492.877,2.61288153458054
713894.5077,9557406.6062,"TRUE",50.3982620239258,0.0286572929471731,0.00575335137546062,2493.594,2.4186280066087
713822.7664,9557421.1253,"TRUE",52.5657081604004,0.012642321176827,0.00634318916127086,2490.118,2.33959817680489
713678.7618,9557327.8742,"TRUE",46.7026557922363,-0.0218772459775209,-0.0111120054498315,2488.596,2.62176402102311
713892.3409,9557216.5297,"TRUE",54.650203704834,-0.0431428104639053,0.00152870314195752,2506.507,2.65634880735432
714625.9029,9557184.176,"TRUE",44.0758209228516,0.00410298071801662,0.0160627979785204,2760.153,2.90173428140844
714701.8718,9557251.3981,"TRUE",22.0596618652344,-0.0110336160287261,0.00998078379780054,2801.709,2.91770841715108
715372.6991,9557755.4511,"TRUE",55.0987739562988,0.0127706276252866,-0.000277994142379612,2893.675,2.84823814320274
715340.387,9557720.6768,"TRUE",47.7529411315918,-0.0298772044479847,-0.00274524535052478,2947.425,2.73206253859245
715420.2621,9557520.0658,"TRUE",42.2846374511719,-0.0679206997156143,-0.0108396550640464,3051.679,3.08564593899397
714839.3558,9557896.0971,"TRUE",52.2864074707031,-0.0201852042227983,0.0185004360973835,2782.211,3.10996220704593
714923.6891,9557993.2024,"TRUE",41.1300773620605,-0.124734215438366,-0.0186143815517426,2771.435,3.38497343528745
714962.0054,9558003.345,"TRUE",49.6960258483887,0.00797812175005674,-0.000956605945248157,2760.74,2.59737805438594
715135.9142,9557408.9776,"TRUE",34.8248558044434,-0.11078392714262,-0.0178434289991856,2919.971,3.49843009757213
715082.9022,9557813.5489,"TRUE",51.9221801757812,-0.0314394794404507,-8.61763619468547e-05,2863.098,2.88813076314301
715135.5793,9558264.2744,"TRUE",45.7144966125488,-0.0502241589128971,-0.00946069695055485,2618.351,3.34049000986801
715242.7595,9558404.9485,"TRUE",53.5016593933105,-0.0374539010226727,-0.00418162439018488,2560.658,3.39475085295236
715350.2748,9558254.9799,"TRUE",52.5530319213867,-0.0875629186630249,-0.0159145127981901,2676.69,2.98183991746694
715636.647,9558263.2696,"TRUE",45.002384185791,0.00626579159870744,-0.00484407925978303,2687.621,2.70616306775385
715431.8743,9558234.1477,"TRUE",61.6216583251953,-0.0127337351441383,0.00410054298117757,2647.344,3.15862016165301
715175.4369,9558494.377,"TRUE",50.8605880737305,-0.0859968513250351,-0.0135914795100689,2535.731,2.98620038737296
715294.0051,9558685.0407,"TRUE",60.1192169189453,-0.0582565106451511,-0.000903761305380613,2456.333,2.69648759837401
715075.081,9558584.622,"TRUE",55.4352226257324,-0.0105974888429046,0.000607896829023957,2511.67,2.77825810555899
715067.7333,9558603.2739,"TRUE",46.6639289855957,-0.0249030850827694,-0.0110296551138163,2498.123,2.97743519457233
715004.9952,9558702.7505,"TRUE",55.7694320678711,-0.0220191087573767,-0.00423976499587297,2454.22,2.95425169851572
715004.7815,9558775.7093,"TRUE",43.691219329834,-0.0364638827741146,-0.00689051114022732,2415.564,2.80039115193949
714975.6044,9558558.6224,"TRUE",45.7069320678711,-0.0190769713371992,-0.0123672122135758,2508.74,2.72403608802129
714989.7346,9558514.5361,"TRUE",40.8007469177246,-0.0221864599734545,-0.00733118690550327,2507.2,2.78753039090238
714928.6921,9558646.2297,"TRUE",52.1970291137695,-0.0440170951187611,-0.00959783140569925,2474.28,2.7418345728815
714904.9533,9558645.6645,"TRUE",52.9597244262695,-0.0399999208748341,-0.00664775259792805,2448.677,2.93500105796226
714893.6491,9558679.577,"TRUE",47.5306777954102,0.0140196774154902,0.00586053775623441,2446.162,2.72486897633849
714921.0397,9558672.329,"TRUE",51.6282539367676,-0.000762626645155251,0.00314222788438201,2469.384,2.62972020129503
714767.2937,9558869.7382,"TRUE",49.5378875732422,0.00375044252723455,0.00433284370228648,2382.958,2.26906119571083
714912.8662,9558879.6608,"TRUE",48.2559776306152,-0.0415053889155388,-0.00982966553419828,2397.122,2.71965840665872
714952.7785,9559069.5607,"TRUE",42.3892936706543,0.0572266988456249,0.0184267908334732,2316.769,2.2613571226367
714962.0205,9559009.1713,"TRUE",40.9787445068359,-0.00978817604482174,-0.00766706746071577,2318.855,2.61925686729257
714941.7775,9559000.6452,"TRUE",48.0642280578613,0.0103714354336262,0.00414507463574409,2336.228,2.46402664320233
715050.2825,9559007.3625,"TRUE",48.7275772094727,-0.0371077992022038,-0.0134852603077888,2340.188,2.80562814888202
715040.4267,9558979.3847,"TRUE",43.6946830749512,0.0340229198336601,0.00968500319868326,2366.364,2.37388984369682
715106.1322,9558982.458,"TRUE",46.2070579528809,-0.059302743524313,-0.0117844678461552,2379.592,2.95980744525762
715150.2184,9558954.7982,"TRUE",34.9085426330566,-0.0640473738312721,0.00310727721080184,2413.741,2.74782970025664
715188.7939,9558953.5264,"TRUE",39.1753845214844,-0.066790297627449,-0.00180445099249482,2416.613,2.57700254306841
715167.5986,9559031.5252,"TRUE",48.2084083557129,0.00682879006490111,0.0034140208736062,2376.088,2.54263706324899
715170.5659,9559041.699,"TRUE",50.140941619873,-0.0287817753851414,-0.00144288153387606,2364.681,2.73576132356792
714957.7695,9559025.9156,"TRUE",46.0148620605469,-0.00847532600164413,-0.00290641444735229,2321.759,2.51282501808374
715178.8844,9559094.8455,"TRUE",44.9468421936035,-0.0539179667830467,-0.0116108935326338,2332.935,2.78014407943184
715174.3315,9559122.8378,"TRUE",41.2360649108887,0.0283306706696749,0.00789921451359987,2337.229,2.23732670965546
715314.0072,9559121.8761,"TRUE",42.5775375366211,0.0303948111832142,-0.00696405302733183,2313.63,2.33313110221309
715101.3632,9559141.8468,"TRUE",50.9044532775879,0.00998237263411283,0.00283839972689748,2334.217,2.43654406711938
715094.1568,9559166.4334,"TRUE",47.8175315856934,-0.0228492897003889,-0.0062899412587285,2314.749,2.57334588636055
715069.5703,9559157.5314,"TRUE",45.0536079406738,-0.0259015634655952,-0.00465650344267488,2322.986,2.56776341723083
715174.699,9559198.2264,"TRUE",43.8273735046387,-0.0322543159127235,-0.00398450810462236,2307.606,2.46793009195636
715025.5759,9559507.5691,"TRUE",49.144588470459,-0.00586193660274148,0.00030972485546954,2216.515,2.76994370645193
715113.9996,9559589.294,"TRUE",50.3735389709473,-0.000755634275265038,-0.00491883186623454,2154.658,2.65511603210425
715169.5888,9559692.1866,"TRUE",61.5056571960449,0.00351673364639282,0.000592047057580203,2084.561,2.79885186835714
714945.7873,9559323.8868,"TRUE",44.7138442993164,-0.021278066560626,-0.00121092773042619,2286.573,2.72857376109494
714989.4497,9559262.8443,"TRUE",27.8194847106934,-0.107028007507324,-0.12559849023819,2204.689,4.72627688781886
714847.5824,9559082.9667,"TRUE",48.8375930786133,-0.065420463681221,-0.0312526784837246,2286.532,3.43469627599063
714605.8302,9558853.4764,"TRUE",53.3416786193848,-0.0375887155532837,0.000895323057193309,2380.302,2.71147553039252
714597.7759,9558777.5971,"TRUE",52.4470825195312,-0.00279227737337351,0.0144836232066154,2418.764,2.47645758112157
714584.2109,9558692.392,"TRUE",42.3611717224121,-0.071730874478817,-0.00872278399765491,2399.274,3.12890773623406
714577.0045,9558721.2176,"TRUE",56.2195663452148,-0.00583683373406529,0.00413440680131316,2424.005,2.63323340229206
714664.0937,9558594.5795,"TRUE",34.2005386352539,-0.0756136029958725,0.00303120166063309,2429.53,3.90676134241622
713722.5232,9558048.6954,"TRUE",36.3297462463379,0.00236989627592266,0.00285454071126878,2494.789,2.57820757111224
713414.0355,9558073.1104,"TRUE",42.8037261962891,0.021874887868762,0.0115626798942685,2430.106,2.3509642468583
713366.558,9558161.2829,"TRUE",33.4952621459961,0.0365099534392357,0.0356715358793736,2421.781,2.1567690927121
713413.4703,9558165.8046,"TRUE",36.5315628051758,-0.0055978954769671,0.0050330376252532,2420.123,2.40340040705381
713371.0796,9558146.0223,"TRUE",23.6645450592041,0.110307194292545,0.0371455661952496,2423.173,2.09443587131305
713345.0801,9558141.5006,"TRUE",38.1986694335938,0.0346885807812214,0.0135859744623303,2412.364,2.21116538604845
713325.2978,9558242.1077,"TRUE",42.1283798217773,-0.0134819513186812,0.00329916342161596,2360.599,2.52456400840494
713425.6576,9558234.1948,"TRUE",38.3438415527344,0.0129586365073919,0.00125383085105568,2383.792,2.57131363745374
713158.0432,9558386.8128,"TRUE",40.3289947509766,-0.0105656301602721,0.00244227191433311,2313.457,2.52316474363986
713239.8571,9558331.705,"TRUE",42.5253105163574,0.0458702407777309,0.00292322575114667,2324.352,2.35803197119187
712996.2994,9558350.5453,"TRUE",38.5110855102539,-0.000288748880848289,0.00657382048666477,2328.447,2.41648702264555
712644.1588,9558467.4492,"TRUE",53.751781463623,-0.0514778345823288,-0.00702757341787219,2124.227,3.27199676660829
712903.4011,9559134.6464,"TRUE",53.6373329162598,-0.0749655291438103,-0.00968184135854244,2092.234,3.08937839734025
713298.2934,9559145.6994,"TRUE",34.8835220336914,-0.0204571876674891,-0.00672370567917824,2281.13,2.6974117678739
714029.5754,9560250.2143,"TRUE",45.5727615356445,-0.0706271156668663,-0.0120980143547058,2119.129,3.15226997560315
714533.9925,9560528.5481,"TRUE",32.7879409790039,-0.0137415025383234,-7.01246681273915e-05,1939.318,3.42928345013239
714762.0855,9560663.1933,"TRUE",33.5926628112793,0.0270984712988138,0.0149360066279769,1793.567,2.72294772905577
714775.1868,9560665.064,"TRUE",41.5894355773926,0.0236055720597506,-0.0188010707497597,1804.107,2.85407438467748
714938.9957,9560265.447,"TRUE",53.5294227600098,-0.019582437351346,0.0100963152945042,1919.744,2.63757367114579
714367.3676,9559748.6,"TRUE",39.1357612609863,-0.0117483120411634,-0.00294889346696436,2184.481,2.87256557206873
714524.4909,9559449.6117,"TRUE",46.2498664855957,-0.0692303702235222,-0.018643606454134,2256.062,2.75360919133849
714481.2839,9559563.1558,"TRUE",50.0766334533691,-0.00189850165043026,0.00727336574345827,2220.624,2.91313240544538
714297.4527,9557275.0756,"TRUE",46.8297653198242,-0.0317760109901428,-0.00219820835627615,2585.207,3.2048675386432
713841.9283,9557469.5873,"TRUE",50.592456817627,0.00341777363792062,-0.00240718759596348,2438.8,2.8085408070229
713470.3754,9557638.7106,"TRUE",46.1595077514648,0.0264496840536594,0.00659482134506106,2396.305,2.4371501073922
714017.6623,9559267.4409,"TRUE",24.117280960083,-0.115558296442032,-0.0154662737622857,2289.337,3.19380584335536
714877.2271,9558362.3616,"TRUE",49.1693649291992,-0.079123854637146,-0.00426706159487367,2577.096,3.24210575122298
714909.4658,9558580.5954,"TRUE",39.7552604675293,-0.022253941744566,0.0101018557325006,2441.529,3.03766183783604
713713.5602,9558848.8699,"TRUE",41.9270248413086,-0.0264293123036623,0.00179101421963423,2375.455,2.85942032623561
715253.1793,9558797.3051,"TRUE",38.9820594787598,-0.0351611115038395,0.0029667483177036,2442.47,2.73557780059878
713825.6364,9559077.9682,"TRUE",35.2136840820312,0.0203339979052544,-0.0033902230206877,2377.151,3.20331606994617
